0.5X	1000	500	1	ori	0.155555556						
0.5X	1000	500	1	t0	0.133333333						
0.5X	1000	500	1	t10	0.155555556						
0.5X	1000	500	1	t20	0.177777778						
0.5X	1000	500	1	t3	0.133333333						
0.5X	1000	500	1	t33	0.2						
0.5X	1000	500	1	t5	0.111111111						
0.5X	1000	500	1	t50	0.2						
0.5X	1000	500	1	t7	0.177777778						
0.5X	1000	500	1	t75	0.266666667						
0.5X	1000	500	10	ori	0.066666667						
0.5X	1000	500	10	t0	0.111111111						
0.5X	1000	500	10	t10	0.111111111						
0.5X	1000	500	10	t20	0.133333333						
0.5X	1000	500	10	t3	0.088888889						
0.5X	1000	500	10	t33	0.177777778						
0.5X	1000	500	10	t5	0.088888889						
0.5X	1000	500	10	t50	0.2						
0.5X	1000	500	10	t7	0.111111111						
0.5X	1000	500	10	t75	0.288888889						
0.5X	1000	500	11	ori	0.155555556						
0.5X	1000	500	11	t0	0.133333333						
0.5X	1000	500	11	t10	0.088888889						
0.5X	1000	500	11	t20	0.155555556						
0.5X	1000	500	11	t3	0.088888889						
0.5X	1000	500	11	t33	0.222222222						
0.5X	1000	500	11	t5	0.066666667						
0.5X	1000	500	11	t50	0.177777778						
0.5X	1000	500	11	t7	0.111111111						
0.5X	1000	500	11	t75	0.266666667						
0.5X	1000	500	12	ori	0.111111111						
0.5X	1000	500	12	t0	0.111111111						
0.5X	1000	500	12	t10	0.088888889						
0.5X	1000	500	12	t20	0.066666667						
0.5X	1000	500	12	t3	0.133333333						
0.5X	1000	500	12	t33	0.133333333						
0.5X	1000	500	12	t5	0.066666667						
0.5X	1000	500	12	t50	0.155555556						
0.5X	1000	500	12	t7	0.133333333						
0.5X	1000	500	12	t75	0.177777778						
0.5X	1000	500	13	ori	0.177777778						
0.5X	1000	500	13	t0	0.177777778						
0.5X	1000	500	13	t10	0.111111111						
0.5X	1000	500	13	t20	0.111111111						
0.5X	1000	500	13	t3	0.133333333						
0.5X	1000	500	13	t33	0.2						
0.5X	1000	500	13	t5	0.133333333						
0.5X	1000	500	13	t50	0.222222222						
0.5X	1000	500	13	t7	0.133333333						
0.5X	1000	500	13	t75	0.288888889						
0.5X	1000	500	14	ori	0.088888889						
0.5X	1000	500	14	t0	0.155555556						
0.5X	1000	500	14	t10	0.133333333						
0.5X	1000	500	14	t20	0.177777778						
0.5X	1000	500	14	t3	0.111111111						
0.5X	1000	500	14	t33	0.177777778						
0.5X	1000	500	14	t5	0.088888889						
0.5X	1000	500	14	t50	0.177777778						
0.5X	1000	500	14	t7	0.088888889						
0.5X	1000	500	14	t75	0.244444444						
0.5X	1000	500	15	ori	0.133333333						
0.5X	1000	500	15	t0	0.133333333						
0.5X	1000	500	15	t10	0.088888889						
0.5X	1000	500	15	t20	0.155555556						
0.5X	1000	500	15	t3	0.111111111						
0.5X	1000	500	15	t33	0.177777778						
0.5X	1000	500	15	t5	0.155555556						
0.5X	1000	500	15	t50	0.244444444						
0.5X	1000	500	15	t7	0.155555556						
0.5X	1000	500	15	t75	0.266666667						
0.5X	1000	500	16	ori	0.088888889						
0.5X	1000	500	16	t0	0.088888889						
0.5X	1000	500	16	t10	0.111111111						
0.5X	1000	500	16	t20	0.088888889						
0.5X	1000	500	16	t3	0.111111111						
0.5X	1000	500	16	t33	0.177777778						
0.5X	1000	500	16	t5	0.111111111						
0.5X	1000	500	16	t50	0.2						
0.5X	1000	500	16	t7	0.111111111						
0.5X	1000	500	16	t75	0.244444444						
0.5X	1000	500	17	ori	0.133333333						
0.5X	1000	500	17	t0	0.088888889						
0.5X	1000	500	17	t10	0.088888889						
0.5X	1000	500	17	t20	0.111111111						
0.5X	1000	500	17	t3	0.133333333						
0.5X	1000	500	17	t33	0.133333333						
0.5X	1000	500	17	t5	0.111111111						
0.5X	1000	500	17	t50	0.155555556						
0.5X	1000	500	17	t7	0.133333333						
0.5X	1000	500	17	t75	0.2						
0.5X	1000	500	18	ori	0.155555556						
0.5X	1000	500	18	t0	0.133333333						
0.5X	1000	500	18	t10	0.177777778						
0.5X	1000	500	18	t20	0.133333333						
0.5X	1000	500	18	t3	0.177777778						
0.5X	1000	500	18	t33	0.177777778						
0.5X	1000	500	18	t5	0.177777778						
0.5X	1000	500	18	t50	0.2						
0.5X	1000	500	18	t7	0.155555556						
0.5X	1000	500	18	t75	0.266666667						
0.5X	1000	500	19	ori	0.155555556						
0.5X	1000	500	19	t0	0.155555556						
0.5X	1000	500	19	t10	0.111111111						
0.5X	1000	500	19	t20	0.088888889						
0.5X	1000	500	19	t3	0.111111111						
0.5X	1000	500	19	t33	0.133333333						
0.5X	1000	500	19	t5	0.111111111						
0.5X	1000	500	19	t50	0.066666667						
0.5X	1000	500	19	t7	0.111111111						
0.5X	1000	500	19	t75	0.266666667						
0.5X	1000	500	2	ori	0.111111111						
0.5X	1000	500	2	t0	0.066666667						
0.5X	1000	500	2	t10	0.066666667						
0.5X	1000	500	2	t20	0.066666667						
0.5X	1000	500	2	t3	0.088888889						
0.5X	1000	500	2	t33	0.111111111						
0.5X	1000	500	2	t5	0.022222222						
0.5X	1000	500	2	t50	0.133333333						
0.5X	1000	500	2	t7	0.066666667						
0.5X	1000	500	2	t75	0.222222222						
0.5X	1000	500	20	ori	0.066666667						
0.5X	1000	500	20	t0	0.088888889						
0.5X	1000	500	20	t10	0.111111111						
0.5X	1000	500	20	t20	0.111111111						
0.5X	1000	500	20	t3	0.111111111						
0.5X	1000	500	20	t33	0.155555556						
0.5X	1000	500	20	t5	0.088888889						
0.5X	1000	500	20	t50	0.177777778						
0.5X	1000	500	20	t7	0.088888889						
0.5X	1000	500	20	t75	0.244444444						
0.5X	1000	500	3	ori	0.133333333						
0.5X	1000	500	3	t0	0.111111111						
0.5X	1000	500	3	t10	0.133333333						
0.5X	1000	500	3	t20	0.155555556						
0.5X	1000	500	3	t3	0.155555556						
0.5X	1000	500	3	t33	0.222222222						
0.5X	1000	500	3	t5	0.155555556						
0.5X	1000	500	3	t50	0.244444444						
0.5X	1000	500	3	t7	0.177777778						
0.5X	1000	500	3	t75	0.222222222						
0.5X	1000	500	4	ori	0.244444444						
0.5X	1000	500	4	t0	0.222222222						
0.5X	1000	500	4	t10	0.2						
0.5X	1000	500	4	t20	0.222222222						
0.5X	1000	500	4	t3	0.2						
0.5X	1000	500	4	t33	0.222222222						
0.5X	1000	500	4	t5	0.111111111						
0.5X	1000	500	4	t50	0.288888889						
0.5X	1000	500	4	t7	0.2						
0.5X	1000	500	4	t75	0.266666667						
0.5X	1000	500	5	ori	0.155555556						
0.5X	1000	500	5	t0	0.088888889						
0.5X	1000	500	5	t10	0.155555556						
0.5X	1000	500	5	t20	0.133333333						
0.5X	1000	500	5	t3	0.111111111						
0.5X	1000	500	5	t33	0.2						
0.5X	1000	500	5	t5	0.133333333						
0.5X	1000	500	5	t50	0.2						
0.5X	1000	500	5	t7	0.088888889						
0.5X	1000	500	5	t75	0.288888889						
0.5X	1000	500	6	ori	0.111111111						
0.5X	1000	500	6	t0	0.066666667						
0.5X	1000	500	6	t10	0.133333333						
0.5X	1000	500	6	t20	0.155555556						
0.5X	1000	500	6	t3	0.088888889						
0.5X	1000	500	6	t33	0.111111111						
0.5X	1000	500	6	t5	0.111111111						
0.5X	1000	500	6	t50	0.155555556						
0.5X	1000	500	6	t7	0.111111111						
0.5X	1000	500	6	t75	0.311111111						
0.5X	1000	500	7	ori	0.133333333						
0.5X	1000	500	7	t0	0.177777778						
0.5X	1000	500	7	t10	0.133333333						
0.5X	1000	500	7	t20	0.222222222						
0.5X	1000	500	7	t3	0.111111111						
0.5X	1000	500	7	t33	0.111111111						
0.5X	1000	500	7	t5	0.133333333						
0.5X	1000	500	7	t50	0.155555556						
0.5X	1000	500	7	t7	0.111111111						
0.5X	1000	500	7	t75	0.266666667						
0.5X	1000	500	8	ori	0.133333333						
0.5X	1000	500	8	t0	0.133333333						
0.5X	1000	500	8	t10	0.088888889						
0.5X	1000	500	8	t20	0.088888889						
0.5X	1000	500	8	t3	0.066666667						
0.5X	1000	500	8	t33	0.244444444						
0.5X	1000	500	8	t5	0.044444444						
0.5X	1000	500	8	t50	0.266666667						
0.5X	1000	500	8	t7	0.044444444						
0.5X	1000	500	8	t75	0.222222222						
0.5X	1000	500	9	ori	0.111111111						
0.5X	1000	500	9	t0	0.066666667						
0.5X	1000	500	9	t10	0.133333333						
0.5X	1000	500	9	t20	0.133333333						
0.5X	1000	500	9	t3	0.133333333						
0.5X	1000	500	9	t33	0.2						
0.5X	1000	500	9	t5	0.111111111						
0.5X	1000	500	9	t50	0.2						
0.5X	1000	500	9	t7	0.133333333						
0.5X	1000	500	9	t75	0.266666667						
1X	1000	1000	1	ori	0.066666667						
1X	1000	1000	1	t0	0.066666667						
1X	1000	1000	1	t10	0.044444444						
1X	1000	1000	1	t20	0.022222222						
1X	1000	1000	1	t3	0.044444444						
1X	1000	1000	1	t33	0.088888889						
1X	1000	1000	1	t5	0.066666667						
1X	1000	1000	1	t50	0.066666667						
1X	1000	1000	1	t7	0.044444444						
1X	1000	1000	1	t75	0.133333333						
1X	1000	1000	10	ori	0.044444444						
1X	1000	1000	10	t0	0.066666667						
1X	1000	1000	10	t10	0.044444444						
1X	1000	1000	10	t20	0.022222222						
1X	1000	1000	10	t3	0.044444444						
1X	1000	1000	10	t33	0.022222222						
1X	1000	1000	10	t5	0.044444444						
1X	1000	1000	10	t50	0.088888889						
1X	1000	1000	10	t7	0.044444444						
1X	1000	1000	10	t75	0.133333333						
1X	1000	1000	11	ori	0.088888889						
1X	1000	1000	11	t0	0.088888889						
1X	1000	1000	11	t10	0.044444444						
1X	1000	1000	11	t20	0.044444444						
1X	1000	1000	11	t3	0.088888889						
1X	1000	1000	11	t33	0.066666667						
1X	1000	1000	11	t5	0.088888889						
1X	1000	1000	11	t50	0.133333333						
1X	1000	1000	11	t7	0.088888889						
1X	1000	1000	11	t75	0.133333333						
1X	1000	1000	12	ori	0.088888889						
1X	1000	1000	12	t0	0.088888889						
1X	1000	1000	12	t10	0.111111111						
1X	1000	1000	12	t20	0.044444444						
1X	1000	1000	12	t3	0.088888889						
1X	1000	1000	12	t33	0.044444444						
1X	1000	1000	12	t5	0.088888889						
1X	1000	1000	12	t50	0.066666667						
1X	1000	1000	12	t7	0.066666667						
1X	1000	1000	12	t75	0.2						
1X	1000	1000	13	ori	0.022222222						
1X	1000	1000	13	t0	0.022222222						
1X	1000	1000	13	t10	0.044444444						
1X	1000	1000	13	t20	0.044444444						
1X	1000	1000	13	t3	0						
1X	1000	1000	13	t33	0.066666667						
1X	1000	1000	13	t5	0						
1X	1000	1000	13	t50	0.111111111						
1X	1000	1000	13	t7	0						
1X	1000	1000	13	t75	0.2						
1X	1000	1000	14	ori	0.066666667						
1X	1000	1000	14	t0	0.088888889						
1X	1000	1000	14	t10	0.088888889						
1X	1000	1000	14	t20	0.088888889						
1X	1000	1000	14	t3	0.088888889						
1X	1000	1000	14	t33	0.088888889						
1X	1000	1000	14	t5	0.088888889						
1X	1000	1000	14	t50	0.111111111						
1X	1000	1000	14	t7	0.111111111						
1X	1000	1000	14	t75	0.177777778						
1X	1000	1000	15	ori	0.044444444						
1X	1000	1000	15	t0	0.022222222						
1X	1000	1000	15	t10	0.044444444						
1X	1000	1000	15	t20	0.088888889						
1X	1000	1000	15	t3	0.066666667						
1X	1000	1000	15	t33	0.111111111						
1X	1000	1000	15	t5	0.088888889						
1X	1000	1000	15	t50	0.088888889						
1X	1000	1000	15	t7	0.088888889						
1X	1000	1000	15	t75	0.2						
1X	1000	1000	16	ori	0.044444444						
1X	1000	1000	16	t0	0.044444444						
1X	1000	1000	16	t10	0.022222222						
1X	1000	1000	16	t20	0.044444444						
1X	1000	1000	16	t3	0.022222222						
1X	1000	1000	16	t33	0.044444444						
1X	1000	1000	16	t5	0.044444444						
1X	1000	1000	16	t50	0.022222222						
1X	1000	1000	16	t7	0.044444444						
1X	1000	1000	16	t75	0.111111111						
1X	1000	1000	17	ori	0.088888889						
1X	1000	1000	17	t0	0.088888889						
1X	1000	1000	17	t10	0.088888889						
1X	1000	1000	17	t20	0.133333333						
1X	1000	1000	17	t3	0.088888889						
1X	1000	1000	17	t33	0.155555556						
1X	1000	1000	17	t5	0.088888889						
1X	1000	1000	17	t50	0.155555556						
1X	1000	1000	17	t7	0.111111111						
1X	1000	1000	17	t75	0.222222222						
1X	1000	1000	18	ori	0.022222222						
1X	1000	1000	18	t0	0.044444444						
1X	1000	1000	18	t10	0.044444444						
1X	1000	1000	18	t20	0.066666667						
1X	1000	1000	18	t3	0.044444444						
1X	1000	1000	18	t33	0.111111111						
1X	1000	1000	18	t5	0.044444444						
1X	1000	1000	18	t50	0.133333333						
1X	1000	1000	18	t7	0						
1X	1000	1000	18	t75	0.155555556						
1X	1000	1000	19	ori	0.022222222						
1X	1000	1000	19	t0	0.022222222						
1X	1000	1000	19	t10	0.044444444						
1X	1000	1000	19	t20	0.044444444						
1X	1000	1000	19	t3	0.044444444						
1X	1000	1000	19	t33	0.044444444						
1X	1000	1000	19	t5	0.044444444						
1X	1000	1000	19	t50	0.111111111						
1X	1000	1000	19	t7	0.044444444						
1X	1000	1000	19	t75	0.2						
1X	1000	1000	2	ori	0.044444444						
1X	1000	1000	2	t0	0.044444444						
1X	1000	1000	2	t10	0.044444444						
1X	1000	1000	2	t20	0.044444444						
1X	1000	1000	2	t3	0.044444444						
1X	1000	1000	2	t33	0.088888889						
1X	1000	1000	2	t5	0.044444444						
1X	1000	1000	2	t50	0.133333333						
1X	1000	1000	2	t7	0.044444444						
1X	1000	1000	2	t75	0.2						
1X	1000	1000	20	ori	0.088888889						
1X	1000	1000	20	t0	0.088888889						
1X	1000	1000	20	t10	0.066666667						
1X	1000	1000	20	t20	0.022222222						
1X	1000	1000	20	t3	0.066666667						
1X	1000	1000	20	t33	0.044444444						
1X	1000	1000	20	t5	0.066666667						
1X	1000	1000	20	t50	0.066666667						
1X	1000	1000	20	t7	0.066666667						
1X	1000	1000	20	t75	0.155555556						
1X	1000	1000	3	ori	0.044444444						
1X	1000	1000	3	t0	0.044444444						
1X	1000	1000	3	t10	0.022222222						
1X	1000	1000	3	t20	0.066666667						
1X	1000	1000	3	t3	0.022222222						
1X	1000	1000	3	t33	0.111111111						
1X	1000	1000	3	t5	0.022222222						
1X	1000	1000	3	t50	0.111111111						
1X	1000	1000	3	t7	0.022222222						
1X	1000	1000	3	t75	0.2						
1X	1000	1000	4	ori	0.111111111						
1X	1000	1000	4	t0	0.088888889						
1X	1000	1000	4	t10	0.022222222						
1X	1000	1000	4	t20	0.088888889						
1X	1000	1000	4	t3	0.088888889						
1X	1000	1000	4	t33	0.177777778						
1X	1000	1000	4	t5	0.044444444						
1X	1000	1000	4	t50	0.155555556						
1X	1000	1000	4	t7	0.044444444						
1X	1000	1000	4	t75	0.2						
1X	1000	1000	5	ori	0.044444444						
1X	1000	1000	5	t0	0.044444444						
1X	1000	1000	5	t10	0.066666667						
1X	1000	1000	5	t20	0.066666667						
1X	1000	1000	5	t3	0.044444444						
1X	1000	1000	5	t33	0.044444444						
1X	1000	1000	5	t5	0.088888889						
1X	1000	1000	5	t50	0.044444444						
1X	1000	1000	5	t7	0.066666667						
1X	1000	1000	5	t75	0.155555556						
1X	1000	1000	6	ori	0.044444444						
1X	1000	1000	6	t0	0.044444444						
1X	1000	1000	6	t10	0.044444444						
1X	1000	1000	6	t20	0.044444444						
1X	1000	1000	6	t3	0.044444444						
1X	1000	1000	6	t33	0.066666667						
1X	1000	1000	6	t5	0.044444444						
1X	1000	1000	6	t50	0.111111111						
1X	1000	1000	6	t7	0.022222222						
1X	1000	1000	6	t75	0.133333333						
1X	1000	1000	7	ori	0.088888889						
1X	1000	1000	7	t0	0.088888889						
1X	1000	1000	7	t10	0.088888889						
1X	1000	1000	7	t20	0.088888889						
1X	1000	1000	7	t3	0.088888889						
1X	1000	1000	7	t33	0.111111111						
1X	1000	1000	7	t5	0.088888889						
1X	1000	1000	7	t50	0.133333333						
1X	1000	1000	7	t7	0.066666667						
1X	1000	1000	7	t75	0.177777778						
1X	1000	1000	8	ori	0						
1X	1000	1000	8	t0	0						
1X	1000	1000	8	t10	0						
1X	1000	1000	8	t20	0						
1X	1000	1000	8	t3	0.022222222						
1X	1000	1000	8	t33	0.088888889						
1X	1000	1000	8	t5	0						
1X	1000	1000	8	t50	0.088888889						
1X	1000	1000	8	t7	0						
1X	1000	1000	8	t75	0.111111111						
1X	1000	1000	9	ori	0.044444444						
1X	1000	1000	9	t0	0.044444444						
1X	1000	1000	9	t10	0.022222222						
1X	1000	1000	9	t20	0.044444444						
1X	1000	1000	9	t3	0.022222222						
1X	1000	1000	9	t33	0.066666667						
1X	1000	1000	9	t5	0.022222222						
1X	1000	1000	9	t50	0.044444444						
1X	1000	1000	9	t7	0.022222222						
1X	1000	1000	9	t75	0.111111111						
1X	1000	1500	1	ori	0.044444444						
1X	1000	1500	1	t0	0.044444444						
1X	1000	1500	1	t10	0.044444444						
1X	1000	1500	1	t20	0.044444444						
1X	1000	1500	1	t3	0.044444444						
1X	1000	1500	1	t33	0.044444444						
1X	1000	1500	1	t5	0.022222222						
1X	1000	1500	1	t50	0.044444444						
1X	1000	1500	1	t7	0.022222222						
1X	1000	1500	1	t75	0.155555556						
1X	1000	1500	10	ori	0.066666667						
1X	1000	1500	10	t0	0.066666667						
1X	1000	1500	10	t10	0.044444444						
1X	1000	1500	10	t20	0.044444444						
1X	1000	1500	10	t3	0.044444444						
1X	1000	1500	10	t33	0.044444444						
1X	1000	1500	10	t5	0.044444444						
1X	1000	1500	10	t50	0.022222222						
1X	1000	1500	10	t7	0.044444444						
1X	1000	1500	10	t75	0.066666667						
1X	1000	1500	11	ori	0.088888889						
1X	1000	1500	11	t0	0.088888889						
1X	1000	1500	11	t10	0.088888889						
1X	1000	1500	11	t20	0.088888889						
1X	1000	1500	11	t3	0.088888889						
1X	1000	1500	11	t33	0.088888889						
1X	1000	1500	11	t5	0.088888889						
1X	1000	1500	11	t50	0.088888889						
1X	1000	1500	11	t7	0.088888889						
1X	1000	1500	11	t75	0.111111111						
1X	1000	1500	12	ori	0						
1X	1000	1500	12	t0	0.022222222						
1X	1000	1500	12	t10	0.066666667						
1X	1000	1500	12	t20	0.088888889						
1X	1000	1500	12	t3	0						
1X	1000	1500	12	t33	0.044444444						
1X	1000	1500	12	t5	0.066666667						
1X	1000	1500	12	t50	0.066666667						
1X	1000	1500	12	t7	0.066666667						
1X	1000	1500	12	t75	0.133333333						
1X	1000	1500	13	ori	0.022222222						
1X	1000	1500	13	t0	0.022222222						
1X	1000	1500	13	t10	0						
1X	1000	1500	13	t20	0.022222222						
1X	1000	1500	13	t3	0						
1X	1000	1500	13	t33	0						
1X	1000	1500	13	t5	0						
1X	1000	1500	13	t50	0.066666667						
1X	1000	1500	13	t7	0						
1X	1000	1500	13	t75	0.111111111						
1X	1000	1500	14	ori	0.088888889						
1X	1000	1500	14	t0	0.088888889						
1X	1000	1500	14	t10	0.066666667						
1X	1000	1500	14	t20	0.066666667						
1X	1000	1500	14	t3	0.088888889						
1X	1000	1500	14	t33	0.066666667						
1X	1000	1500	14	t5	0.088888889						
1X	1000	1500	14	t50	0.088888889						
1X	1000	1500	14	t7	0.066666667						
1X	1000	1500	14	t75	0.044444444						
1X	1000	1500	15	ori	0.044444444						
1X	1000	1500	15	t0	0.044444444						
1X	1000	1500	15	t10	0.044444444						
1X	1000	1500	15	t20	0.044444444						
1X	1000	1500	15	t3	0.044444444						
1X	1000	1500	15	t33	0.044444444						
1X	1000	1500	15	t5	0.044444444						
1X	1000	1500	15	t50	0.111111111						
1X	1000	1500	15	t7	0.044444444						
1X	1000	1500	15	t75	0.133333333						
1X	1000	1500	16	ori	0.066666667						
1X	1000	1500	16	t0	0.044444444						
1X	1000	1500	16	t10	0.066666667						
1X	1000	1500	16	t20	0.022222222						
1X	1000	1500	16	t3	0.044444444						
1X	1000	1500	16	t33	0.022222222						
1X	1000	1500	16	t5	0.066666667						
1X	1000	1500	16	t50	0						
1X	1000	1500	16	t7	0.044444444						
1X	1000	1500	16	t75	0.066666667						
1X	1000	1500	17	ori	0.088888889						
1X	1000	1500	17	t0	0.088888889						
1X	1000	1500	17	t10	0.088888889						
1X	1000	1500	17	t20	0.088888889						
1X	1000	1500	17	t3	0.088888889						
1X	1000	1500	17	t33	0.111111111						
1X	1000	1500	17	t5	0.088888889						
1X	1000	1500	17	t50	0.133333333						
1X	1000	1500	17	t7	0.088888889						
1X	1000	1500	17	t75	0.155555556						
1X	1000	1500	18	ori	0.044444444						
1X	1000	1500	18	t0	0.044444444						
1X	1000	1500	18	t10	0.044444444						
1X	1000	1500	18	t20	0.066666667						
1X	1000	1500	18	t3	0.044444444						
1X	1000	1500	18	t33	0.066666667						
1X	1000	1500	18	t5	0.044444444						
1X	1000	1500	18	t50	0.044444444						
1X	1000	1500	18	t7	0.066666667						
1X	1000	1500	18	t75	0.066666667						
1X	1000	1500	19	ori	0.022222222						
1X	1000	1500	19	t0	0.022222222						
1X	1000	1500	19	t10	0.022222222						
1X	1000	1500	19	t20	0.044444444						
1X	1000	1500	19	t3	0.022222222						
1X	1000	1500	19	t33	0.044444444						
1X	1000	1500	19	t5	0.022222222						
1X	1000	1500	19	t50	0.044444444						
1X	1000	1500	19	t7	0.022222222						
1X	1000	1500	19	t75	0.066666667						
1X	1000	1500	2	ori	0.066666667						
1X	1000	1500	2	t0	0.044444444						
1X	1000	1500	2	t10	0.044444444						
1X	1000	1500	2	t20	0.044444444						
1X	1000	1500	2	t3	0.044444444						
1X	1000	1500	2	t33	0.044444444						
1X	1000	1500	2	t5	0.044444444						
1X	1000	1500	2	t50	0.044444444						
1X	1000	1500	2	t7	0.066666667						
1X	1000	1500	2	t75	0.088888889						
1X	1000	1500	20	ori	0.066666667						
1X	1000	1500	20	t0	0.066666667						
1X	1000	1500	20	t10	0.022222222						
1X	1000	1500	20	t20	0.022222222						
1X	1000	1500	20	t3	0.066666667						
1X	1000	1500	20	t33	0.022222222						
1X	1000	1500	20	t5	0.066666667						
1X	1000	1500	20	t50	0.044444444						
1X	1000	1500	20	t7	0.066666667						
1X	1000	1500	20	t75	0.111111111						
1X	1000	1500	3	ori	0.044444444						
1X	1000	1500	3	t0	0.044444444						
1X	1000	1500	3	t10	0.044444444						
1X	1000	1500	3	t20	0.044444444						
1X	1000	1500	3	t3	0.044444444						
1X	1000	1500	3	t33	0.044444444						
1X	1000	1500	3	t5	0.044444444						
1X	1000	1500	3	t50	0.022222222						
1X	1000	1500	3	t7	0.044444444						
1X	1000	1500	3	t75	0.111111111						
1X	1000	1500	4	ori	0.066666667						
1X	1000	1500	4	t0	0.066666667						
1X	1000	1500	4	t10	0.022222222						
1X	1000	1500	4	t20	0.066666667						
1X	1000	1500	4	t3	0.066666667						
1X	1000	1500	4	t33	0.066666667						
1X	1000	1500	4	t5	0.066666667						
1X	1000	1500	4	t50	0.088888889						
1X	1000	1500	4	t7	0.022222222						
1X	1000	1500	4	t75	0.155555556						
1X	1000	1500	5	ori	0.044444444						
1X	1000	1500	5	t0	0.044444444						
1X	1000	1500	5	t10	0.044444444						
1X	1000	1500	5	t20	0.022222222						
1X	1000	1500	5	t3	0.044444444						
1X	1000	1500	5	t33	0.022222222						
1X	1000	1500	5	t5	0.066666667						
1X	1000	1500	5	t50	0.044444444						
1X	1000	1500	5	t7	0.066666667						
1X	1000	1500	5	t75	0.088888889						
1X	1000	1500	6	ori	0.022222222						
1X	1000	1500	6	t0	0.022222222						
1X	1000	1500	6	t10	0.022222222						
1X	1000	1500	6	t20	0.044444444						
1X	1000	1500	6	t3	0.044444444						
1X	1000	1500	6	t33	0.044444444						
1X	1000	1500	6	t5	0.022222222						
1X	1000	1500	6	t50	0.044444444						
1X	1000	1500	6	t7	0.022222222						
1X	1000	1500	6	t75	0.111111111						
1X	1000	1500	7	ori	0.088888889						
1X	1000	1500	7	t0	0.088888889						
1X	1000	1500	7	t10	0.088888889						
1X	1000	1500	7	t20	0.088888889						
1X	1000	1500	7	t3	0.088888889						
1X	1000	1500	7	t33	0.088888889						
1X	1000	1500	7	t5	0.088888889						
1X	1000	1500	7	t50	0.088888889						
1X	1000	1500	7	t7	0.088888889						
1X	1000	1500	7	t75	0.177777778						
1X	1000	1500	8	ori	0						
1X	1000	1500	8	t0	0						
1X	1000	1500	8	t10	0						
1X	1000	1500	8	t20	0						
1X	1000	1500	8	t3	0						
1X	1000	1500	8	t33	0						
1X	1000	1500	8	t5	0						
1X	1000	1500	8	t50	0.066666667						
1X	1000	1500	8	t7	0						
1X	1000	1500	8	t75	0.088888889						
1X	1000	1500	9	ori	0.022222222						
1X	1000	1500	9	t0	0.022222222						
1X	1000	1500	9	t10	0.044444444						
1X	1000	1500	9	t20	0.044444444						
1X	1000	1500	9	t3	0.044444444						
1X	1000	1500	9	t33	0.044444444						
1X	1000	1500	9	t5	0.044444444						
1X	1000	1500	9	t50	0.044444444						
1X	1000	1500	9	t7	0.044444444						
1X	1000	1500	9	t75	0.066666667						
1X	1000	250	1	ori	0.111111111						
1X	1000	250	1	t0	0.088888889						
1X	1000	250	1	t10	0.133333333						
1X	1000	250	1	t20	0.177777778						
1X	1000	250	1	t3	0.133333333						
1X	1000	250	1	t33	0.222222222						
1X	1000	250	1	t5	0.111111111						
1X	1000	250	1	t50	0.288888889						
1X	1000	250	1	t7	0.133333333						
1X	1000	250	1	t75	0.533333333						
1X	1000	250	10	ori	0.111111111						
1X	1000	250	10	t0	0.133333333						
1X	1000	250	10	t10	0.155555556						
1X	1000	250	10	t20	0.177777778						
1X	1000	250	10	t3	0.133333333						
1X	1000	250	10	t33	0.222222222						
1X	1000	250	10	t5	0.155555556						
1X	1000	250	10	t50	0.266666667						
1X	1000	250	10	t7	0.133333333						
1X	1000	250	10	t75	0.444444444						
1X	1000	250	11	ori	0.111111111						
1X	1000	250	11	t0	0.111111111						
1X	1000	250	11	t10	0.133333333						
1X	1000	250	11	t20	0.088888889						
1X	1000	250	11	t3	0.133333333						
1X	1000	250	11	t33	0.2						
1X	1000	250	11	t5	0.111111111						
1X	1000	250	11	t50	0.222222222						
1X	1000	250	11	t7	0.133333333						
1X	1000	250	11	t75	0.488888889						
1X	1000	250	12	ori	0.244444444						
1X	1000	250	12	t0	0.155555556						
1X	1000	250	12	t10	0.133333333						
1X	1000	250	12	t20	0.177777778						
1X	1000	250	12	t3	0.133333333						
1X	1000	250	12	t33	0.266666667						
1X	1000	250	12	t5	0.155555556						
1X	1000	250	12	t50	0.288888889						
1X	1000	250	12	t7	0.155555556						
1X	1000	250	12	t75	0.577777778						
1X	1000	250	13	ori	0.088888889						
1X	1000	250	13	t0	0.133333333						
1X	1000	250	13	t10	0.177777778						
1X	1000	250	13	t20	0.222222222						
1X	1000	250	13	t3	0.133333333						
1X	1000	250	13	t33	0.222222222						
1X	1000	250	13	t5	0.133333333						
1X	1000	250	13	t50	0.244444444						
1X	1000	250	13	t7	0.155555556						
1X	1000	250	13	t75	0.511111111						
1X	1000	250	14	ori	0.133333333						
1X	1000	250	14	t0	0.155555556						
1X	1000	250	14	t10	0.2						
1X	1000	250	14	t20	0.177777778						
1X	1000	250	14	t3	0.111111111						
1X	1000	250	14	t33	0.244444444						
1X	1000	250	14	t5	0.133333333						
1X	1000	250	14	t50	0.311111111						
1X	1000	250	14	t7	0.133333333						
1X	1000	250	14	t75	0.444444444						
1X	1000	250	15	ori	0.2						
1X	1000	250	15	t0	0.2						
1X	1000	250	15	t10	0.2						
1X	1000	250	15	t20	0.2						
1X	1000	250	15	t3	0.177777778						
1X	1000	250	15	t33	0.288888889						
1X	1000	250	15	t5	0.155555556						
1X	1000	250	15	t50	0.311111111						
1X	1000	250	15	t7	0.177777778						
1X	1000	250	15	t75	0.422222222						
1X	1000	250	16	ori	0.133333333						
1X	1000	250	16	t0	0.155555556						
1X	1000	250	16	t10	0.111111111						
1X	1000	250	16	t20	0.133333333						
1X	1000	250	16	t3	0.066666667						
1X	1000	250	16	t33	0.177777778						
1X	1000	250	16	t5	0.088888889						
1X	1000	250	16	t50	0.222222222						
1X	1000	250	16	t7	0.088888889						
1X	1000	250	16	t75	0.511111111						
1X	1000	250	17	ori	0.133333333						
1X	1000	250	17	t0	0.111111111						
1X	1000	250	17	t10	0.2						
1X	1000	250	17	t20	0.266666667						
1X	1000	250	17	t3	0.155555556						
1X	1000	250	17	t33	0.244444444						
1X	1000	250	17	t5	0.222222222						
1X	1000	250	17	t50	0.311111111						
1X	1000	250	17	t7	0.222222222						
1X	1000	250	17	t75	0.511111111						
1X	1000	250	18	ori	0.244444444						
1X	1000	250	18	t0	0.111111111						
1X	1000	250	18	t10	0.133333333						
1X	1000	250	18	t20	0.155555556						
1X	1000	250	18	t3	0.244444444						
1X	1000	250	18	t33	0.222222222						
1X	1000	250	18	t5	0.177777778						
1X	1000	250	18	t50	0.288888889						
1X	1000	250	18	t7	0.177777778						
1X	1000	250	18	t75	0.511111111						
1X	1000	250	19	ori	0.133333333						
1X	1000	250	19	t0	0.111111111						
1X	1000	250	19	t10	0.155555556						
1X	1000	250	19	t20	0.2						
1X	1000	250	19	t3	0.177777778						
1X	1000	250	19	t33	0.2						
1X	1000	250	19	t5	0.133333333						
1X	1000	250	19	t50	0.288888889						
1X	1000	250	19	t7	0.155555556						
1X	1000	250	19	t75	0.533333333						
1X	1000	250	2	ori	0.155555556						
1X	1000	250	2	t0	0.088888889						
1X	1000	250	2	t10	0.177777778						
1X	1000	250	2	t20	0.177777778						
1X	1000	250	2	t3	0.133333333						
1X	1000	250	2	t33	0.2						
1X	1000	250	2	t5	0.177777778						
1X	1000	250	2	t50	0.244444444						
1X	1000	250	2	t7	0.2						
1X	1000	250	2	t75	0.4						
1X	1000	250	20	ori	0.177777778						
1X	1000	250	20	t0	0.155555556						
1X	1000	250	20	t10	0.155555556						
1X	1000	250	20	t20	0.177777778						
1X	1000	250	20	t3	0.133333333						
1X	1000	250	20	t33	0.266666667						
1X	1000	250	20	t5	0.155555556						
1X	1000	250	20	t50	0.244444444						
1X	1000	250	20	t7	0.2						
1X	1000	250	20	t75	0.555555556						
1X	1000	250	3	ori	0.177777778						
1X	1000	250	3	t0	0.133333333						
1X	1000	250	3	t10	0.155555556						
1X	1000	250	3	t20	0.177777778						
1X	1000	250	3	t3	0.133333333						
1X	1000	250	3	t33	0.177777778						
1X	1000	250	3	t5	0.133333333						
1X	1000	250	3	t50	0.266666667						
1X	1000	250	3	t7	0.133333333						
1X	1000	250	3	t75	0.511111111						
1X	1000	250	4	ori	0.222222222						
1X	1000	250	4	t0	0.222222222						
1X	1000	250	4	t10	0.177777778						
1X	1000	250	4	t20	0.2						
1X	1000	250	4	t3	0.244444444						
1X	1000	250	4	t33	0.222222222						
1X	1000	250	4	t5	0.222222222						
1X	1000	250	4	t50	0.333333333						
1X	1000	250	4	t7	0.222222222						
1X	1000	250	4	t75	0.466666667						
1X	1000	250	5	ori	0.177777778						
1X	1000	250	5	t0	0.111111111						
1X	1000	250	5	t10	0.088888889						
1X	1000	250	5	t20	0.155555556						
1X	1000	250	5	t3	0.133333333						
1X	1000	250	5	t33	0.177777778						
1X	1000	250	5	t5	0.111111111						
1X	1000	250	5	t50	0.2						
1X	1000	250	5	t7	0.111111111						
1X	1000	250	5	t75	0.422222222						
1X	1000	250	6	ori	0.111111111						
1X	1000	250	6	t0	0.088888889						
1X	1000	250	6	t10	0.111111111						
1X	1000	250	6	t20	0.133333333						
1X	1000	250	6	t3	0.088888889						
1X	1000	250	6	t33	0.244444444						
1X	1000	250	6	t5	0.088888889						
1X	1000	250	6	t50	0.333333333						
1X	1000	250	6	t7	0.111111111						
1X	1000	250	6	t75	0.555555556						
1X	1000	250	7	ori	0.133333333						
1X	1000	250	7	t0	0.133333333						
1X	1000	250	7	t10	0.155555556						
1X	1000	250	7	t20	0.222222222						
1X	1000	250	7	t3	0.111111111						
1X	1000	250	7	t33	0.266666667						
1X	1000	250	7	t5	0.133333333						
1X	1000	250	7	t50	0.355555556						
1X	1000	250	7	t7	0.133333333						
1X	1000	250	7	t75	0.555555556						
1X	1000	250	8	ori	0.2						
1X	1000	250	8	t0	0.2						
1X	1000	250	8	t10	0.088888889						
1X	1000	250	8	t20	0.155555556						
1X	1000	250	8	t3	0.111111111						
1X	1000	250	8	t33	0.266666667						
1X	1000	250	8	t5	0.133333333						
1X	1000	250	8	t50	0.288888889						
1X	1000	250	8	t7	0.155555556						
1X	1000	250	8	t75	0.555555556						
1X	1000	250	9	ori	0.155555556						
1X	1000	250	9	t0	0.133333333						
1X	1000	250	9	t10	0.133333333						
1X	1000	250	9	t20	0.155555556						
1X	1000	250	9	t3	0.155555556						
1X	1000	250	9	t33	0.222222222						
1X	1000	250	9	t5	0.133333333						
1X	1000	250	9	t50	0.333333333						
1X	1000	250	9	t7	0.155555556						
1X	1000	250	9	t75	0.6						
1X	1000	500	1	ori	0.088888889						
1X	1000	500	1	t0	0.088888889						
1X	1000	500	1	t10	0.088888889						
1X	1000	500	1	t20	0.155555556						
1X	1000	500	1	t3	0.066666667						
1X	1000	500	1	t33	0.177777778						
1X	1000	500	1	t5	0.066666667						
1X	1000	500	1	t50	0.244444444						
1X	1000	500	1	t7	0.044444444						
1X	1000	500	1	t75	0.355555556						
1X	1000	500	10	ori	0.133333333						
1X	1000	500	10	t0	0.133333333						
1X	1000	500	10	t10	0.111111111						
1X	1000	500	10	t20	0.133333333						
1X	1000	500	10	t3	0.066666667						
1X	1000	500	10	t33	0.111111111						
1X	1000	500	10	t5	0.088888889						
1X	1000	500	10	t50	0.155555556						
1X	1000	500	10	t7	0.111111111						
1X	1000	500	10	t75	0.222222222						
1X	1000	500	11	ori	0.044444444						
1X	1000	500	11	t0	0.044444444						
1X	1000	500	11	t10	0.066666667						
1X	1000	500	11	t20	0.066666667						
1X	1000	500	11	t3	0.044444444						
1X	1000	500	11	t33	0.133333333						
1X	1000	500	11	t5	0.044444444						
1X	1000	500	11	t50	0.177777778						
1X	1000	500	11	t7	0.044444444						
1X	1000	500	11	t75	0.244444444						
1X	1000	500	12	ori	0.044444444						
1X	1000	500	12	t0	0.066666667						
1X	1000	500	12	t10	0.066666667						
1X	1000	500	12	t20	0.066666667						
1X	1000	500	12	t3	0.044444444						
1X	1000	500	12	t33	0.155555556						
1X	1000	500	12	t5	0.066666667						
1X	1000	500	12	t50	0.244444444						
1X	1000	500	12	t7	0.066666667						
1X	1000	500	12	t75	0.244444444						
1X	1000	500	13	ori	0.044444444						
1X	1000	500	13	t0	0.044444444						
1X	1000	500	13	t10	0.111111111						
1X	1000	500	13	t20	0.088888889						
1X	1000	500	13	t3	0.066666667						
1X	1000	500	13	t33	0.088888889						
1X	1000	500	13	t5	0.088888889						
1X	1000	500	13	t50	0.244444444						
1X	1000	500	13	t7	0.111111111						
1X	1000	500	13	t75	0.333333333						
1X	1000	500	14	ori	0.111111111						
1X	1000	500	14	t0	0.111111111						
1X	1000	500	14	t10	0.111111111						
1X	1000	500	14	t20	0.111111111						
1X	1000	500	14	t3	0.111111111						
1X	1000	500	14	t33	0.177777778						
1X	1000	500	14	t5	0.133333333						
1X	1000	500	14	t50	0.2						
1X	1000	500	14	t7	0.111111111						
1X	1000	500	14	t75	0.222222222						
1X	1000	500	15	ori	0.111111111						
1X	1000	500	15	t0	0.133333333						
1X	1000	500	15	t10	0.111111111						
1X	1000	500	15	t20	0.177777778						
1X	1000	500	15	t3	0.088888889						
1X	1000	500	15	t33	0.155555556						
1X	1000	500	15	t5	0.088888889						
1X	1000	500	15	t50	0.288888889						
1X	1000	500	15	t7	0.066666667						
1X	1000	500	15	t75	0.333333333						
1X	1000	500	16	ori	0.044444444						
1X	1000	500	16	t0	0.044444444						
1X	1000	500	16	t10	0.044444444						
1X	1000	500	16	t20	0.066666667						
1X	1000	500	16	t3	0.022222222						
1X	1000	500	16	t33	0.066666667						
1X	1000	500	16	t5	0.066666667						
1X	1000	500	16	t50	0.177777778						
1X	1000	500	16	t7	0.044444444						
1X	1000	500	16	t75	0.222222222						
1X	1000	500	17	ori	0.088888889						
1X	1000	500	17	t0	0.111111111						
1X	1000	500	17	t10	0.111111111						
1X	1000	500	17	t20	0.155555556						
1X	1000	500	17	t3	0.111111111						
1X	1000	500	17	t33	0.155555556						
1X	1000	500	17	t5	0.133333333						
1X	1000	500	17	t50	0.244444444						
1X	1000	500	17	t7	0.155555556						
1X	1000	500	17	t75	0.333333333						
1X	1000	500	18	ori	0.066666667						
1X	1000	500	18	t0	0.022222222						
1X	1000	500	18	t10	0.088888889						
1X	1000	500	18	t20	0.111111111						
1X	1000	500	18	t3	0.088888889						
1X	1000	500	18	t33	0.111111111						
1X	1000	500	18	t5	0.066666667						
1X	1000	500	18	t50	0.177777778						
1X	1000	500	18	t7	0.088888889						
1X	1000	500	18	t75	0.266666667						
1X	1000	500	19	ori	0.044444444						
1X	1000	500	19	t0	0.066666667						
1X	1000	500	19	t10	0.088888889						
1X	1000	500	19	t20	0.133333333						
1X	1000	500	19	t3	0.066666667						
1X	1000	500	19	t33	0.222222222						
1X	1000	500	19	t5	0.066666667						
1X	1000	500	19	t50	0.222222222						
1X	1000	500	19	t7	0.044444444						
1X	1000	500	19	t75	0.266666667						
1X	1000	500	2	ori	0.066666667						
1X	1000	500	2	t0	0.044444444						
1X	1000	500	2	t10	0.066666667						
1X	1000	500	2	t20	0.111111111						
1X	1000	500	2	t3	0.044444444						
1X	1000	500	2	t33	0.111111111						
1X	1000	500	2	t5	0.044444444						
1X	1000	500	2	t50	0.2						
1X	1000	500	2	t7	0.066666667						
1X	1000	500	2	t75	0.355555556						
1X	1000	500	20	ori	0.111111111						
1X	1000	500	20	t0	0.088888889						
1X	1000	500	20	t10	0.088888889						
1X	1000	500	20	t20	0.133333333						
1X	1000	500	20	t3	0.044444444						
1X	1000	500	20	t33	0.133333333						
1X	1000	500	20	t5	0.044444444						
1X	1000	500	20	t50	0.2						
1X	1000	500	20	t7	0.088888889						
1X	1000	500	20	t75	0.288888889						
1X	1000	500	3	ori	0.044444444						
1X	1000	500	3	t0	0.044444444						
1X	1000	500	3	t10	0.066666667						
1X	1000	500	3	t20	0.133333333						
1X	1000	500	3	t3	0.044444444						
1X	1000	500	3	t33	0.177777778						
1X	1000	500	3	t5	0.088888889						
1X	1000	500	3	t50	0.177777778						
1X	1000	500	3	t7	0.066666667						
1X	1000	500	3	t75	0.288888889						
1X	1000	500	4	ori	0.155555556						
1X	1000	500	4	t0	0.088888889						
1X	1000	500	4	t10	0.088888889						
1X	1000	500	4	t20	0.133333333						
1X	1000	500	4	t3	0.111111111						
1X	1000	500	4	t33	0.133333333						
1X	1000	500	4	t5	0.111111111						
1X	1000	500	4	t50	0.244444444						
1X	1000	500	4	t7	0.088888889						
1X	1000	500	4	t75	0.311111111						
1X	1000	500	5	ori	0.111111111						
1X	1000	500	5	t0	0.088888889						
1X	1000	500	5	t10	0.044444444						
1X	1000	500	5	t20	0.066666667						
1X	1000	500	5	t3	0.022222222						
1X	1000	500	5	t33	0.133333333						
1X	1000	500	5	t5	0.022222222						
1X	1000	500	5	t50	0.177777778						
1X	1000	500	5	t7	0.044444444						
1X	1000	500	5	t75	0.244444444						
1X	1000	500	6	ori	0.066666667						
1X	1000	500	6	t0	0.066666667						
1X	1000	500	6	t10	0.088888889						
1X	1000	500	6	t20	0.111111111						
1X	1000	500	6	t3	0.111111111						
1X	1000	500	6	t33	0.111111111						
1X	1000	500	6	t5	0.066666667						
1X	1000	500	6	t50	0.2						
1X	1000	500	6	t7	0.111111111						
1X	1000	500	6	t75	0.288888889						
1X	1000	500	7	ori	0.111111111						
1X	1000	500	7	t0	0.133333333						
1X	1000	500	7	t10	0.111111111						
1X	1000	500	7	t20	0.133333333						
1X	1000	500	7	t3	0.088888889						
1X	1000	500	7	t33	0.2						
1X	1000	500	7	t5	0.088888889						
1X	1000	500	7	t50	0.266666667						
1X	1000	500	7	t7	0.111111111						
1X	1000	500	7	t75	0.355555556						
1X	1000	500	8	ori	0						
1X	1000	500	8	t0	0						
1X	1000	500	8	t10	0.022222222						
1X	1000	500	8	t20	0.088888889						
1X	1000	500	8	t3	0.066666667						
1X	1000	500	8	t33	0.044444444						
1X	1000	500	8	t5	0.022222222						
1X	1000	500	8	t50	0.155555556						
1X	1000	500	8	t7	0.066666667						
1X	1000	500	8	t75	0.266666667						
1X	1000	500	9	ori	0.066666667						
1X	1000	500	9	t0	0.066666667						
1X	1000	500	9	t10	0.088888889						
1X	1000	500	9	t20	0.088888889						
1X	1000	500	9	t3	0.066666667						
1X	1000	500	9	t33	0.066666667						
1X	1000	500	9	t5	0.022222222						
1X	1000	500	9	t50	0.155555556						
1X	1000	500	9	t7	0.066666667						
1X	1000	500	9	t75	0.377777778						
2X	1000	500	1	ori	0.044444444						
2X	1000	500	1	t0	0.066666667						
2X	1000	500	1	t10	0.022222222						
2X	1000	500	1	t20	0.022222222						
2X	1000	500	1	t3	0.066666667						
2X	1000	500	1	t33	0.066666667						
2X	1000	500	1	t5	0.044444444						
2X	1000	500	1	t50	0.177777778						
2X	1000	500	1	t7	0.022222222						
2X	1000	500	1	t75	0.288888889						
2X	1000	500	10	ori	0.044444444						
2X	1000	500	10	t0	0.022222222						
2X	1000	500	10	t10	0.022222222						
2X	1000	500	10	t20	0.044444444						
2X	1000	500	10	t3	0.022222222						
2X	1000	500	10	t33	0.044444444						
2X	1000	500	10	t5	0.044444444						
2X	1000	500	10	t50	0.133333333						
2X	1000	500	10	t7	0.044444444						
2X	1000	500	10	t75	0.377777778						
2X	1000	500	11	ori	0						
2X	1000	500	11	t0	0.022222222						
2X	1000	500	11	t10	0.066666667						
2X	1000	500	11	t20	0.088888889						
2X	1000	500	11	t3	0.066666667						
2X	1000	500	11	t33	0.111111111						
2X	1000	500	11	t5	0.022222222						
2X	1000	500	11	t50	0.133333333						
2X	1000	500	11	t7	0.022222222						
2X	1000	500	11	t75	0.244444444						
2X	1000	500	12	ori	0.044444444						
2X	1000	500	12	t0	0.044444444						
2X	1000	500	12	t10	0.022222222						
2X	1000	500	12	t20	0.044444444						
2X	1000	500	12	t3	0.022222222						
2X	1000	500	12	t33	0.155555556						
2X	1000	500	12	t5	0.044444444						
2X	1000	500	12	t50	0.133333333						
2X	1000	500	12	t7	0						
2X	1000	500	12	t75	0.311111111						
2X	1000	500	13	ori	0.088888889						
2X	1000	500	13	t0	0.066666667						
2X	1000	500	13	t10	0.088888889						
2X	1000	500	13	t20	0.088888889						
2X	1000	500	13	t3	0.066666667						
2X	1000	500	13	t33	0.111111111						
2X	1000	500	13	t5	0.066666667						
2X	1000	500	13	t50	0.133333333						
2X	1000	500	13	t7	0.066666667						
2X	1000	500	13	t75	0.288888889						
2X	1000	500	14	ori	0.044444444						
2X	1000	500	14	t0	0.044444444						
2X	1000	500	14	t10	0.044444444						
2X	1000	500	14	t20	0.088888889						
2X	1000	500	14	t3	0.044444444						
2X	1000	500	14	t33	0.111111111						
2X	1000	500	14	t5	0.066666667						
2X	1000	500	14	t50	0.155555556						
2X	1000	500	14	t7	0.044444444						
2X	1000	500	14	t75	0.266666667						
2X	1000	500	15	ori	0.066666667						
2X	1000	500	15	t0	0.044444444						
2X	1000	500	15	t10	0.044444444						
2X	1000	500	15	t20	0.111111111						
2X	1000	500	15	t3	0.066666667						
2X	1000	500	15	t33	0.111111111						
2X	1000	500	15	t5	0.044444444						
2X	1000	500	15	t50	0.244444444						
2X	1000	500	15	t7	0.044444444						
2X	1000	500	15	t75	0.244444444						
2X	1000	500	16	ori	0.044444444						
2X	1000	500	16	t0	0.044444444						
2X	1000	500	16	t10	0.066666667						
2X	1000	500	16	t20	0.088888889						
2X	1000	500	16	t3	0.044444444						
2X	1000	500	16	t33	0.133333333						
2X	1000	500	16	t5	0.044444444						
2X	1000	500	16	t50	0.133333333						
2X	1000	500	16	t7	0.066666667						
2X	1000	500	16	t75	0.244444444						
2X	1000	500	17	ori	0.022222222						
2X	1000	500	17	t0	0.022222222						
2X	1000	500	17	t10	0.088888889						
2X	1000	500	17	t20	0.088888889						
2X	1000	500	17	t3	0.111111111						
2X	1000	500	17	t33	0.177777778						
2X	1000	500	17	t5	0.088888889						
2X	1000	500	17	t50	0.155555556						
2X	1000	500	17	t7	0.111111111						
2X	1000	500	17	t75	0.288888889						
2X	1000	500	18	ori	0.044444444						
2X	1000	500	18	t0	0.044444444						
2X	1000	500	18	t10	0.044444444						
2X	1000	500	18	t20	0.044444444						
2X	1000	500	18	t3	0.088888889						
2X	1000	500	18	t33	0.066666667						
2X	1000	500	18	t5	0.088888889						
2X	1000	500	18	t50	0.2						
2X	1000	500	18	t7	0.088888889						
2X	1000	500	18	t75	0.311111111						
2X	1000	500	19	ori	0.022222222						
2X	1000	500	19	t0	0.066666667						
2X	1000	500	19	t10	0.066666667						
2X	1000	500	19	t20	0.066666667						
2X	1000	500	19	t3	0.044444444						
2X	1000	500	19	t33	0.088888889						
2X	1000	500	19	t5	0.044444444						
2X	1000	500	19	t50	0.2						
2X	1000	500	19	t7	0.044444444						
2X	1000	500	19	t75	0.266666667						
2X	1000	500	2	ori	0.022222222						
2X	1000	500	2	t0	0.022222222						
2X	1000	500	2	t10	0.044444444						
2X	1000	500	2	t20	0.066666667						
2X	1000	500	2	t3	0						
2X	1000	500	2	t33	0.177777778						
2X	1000	500	2	t5	0						
2X	1000	500	2	t50	0.177777778						
2X	1000	500	2	t7	0.022222222						
2X	1000	500	2	t75	0.288888889						
2X	1000	500	20	ori	0.044444444						
2X	1000	500	20	t0	0.044444444						
2X	1000	500	20	t10	0.044444444						
2X	1000	500	20	t20	0.088888889						
2X	1000	500	20	t3	0.044444444						
2X	1000	500	20	t33	0.155555556						
2X	1000	500	20	t5	0.044444444						
2X	1000	500	20	t50	0.222222222						
2X	1000	500	20	t7	0.044444444						
2X	1000	500	20	t75	0.333333333						
2X	1000	500	3	ori	0.022222222						
2X	1000	500	3	t0	0.044444444						
2X	1000	500	3	t10	0.044444444						
2X	1000	500	3	t20	0.088888889						
2X	1000	500	3	t3	0.022222222						
2X	1000	500	3	t33	0.111111111						
2X	1000	500	3	t5	0.022222222						
2X	1000	500	3	t50	0.2						
2X	1000	500	3	t7	0.022222222						
2X	1000	500	3	t75	0.288888889						
2X	1000	500	4	ori	0.066666667						
2X	1000	500	4	t0	0.066666667						
2X	1000	500	4	t10	0.066666667						
2X	1000	500	4	t20	0.088888889						
2X	1000	500	4	t3	0.066666667						
2X	1000	500	4	t33	0.088888889						
2X	1000	500	4	t5	0.044444444						
2X	1000	500	4	t50	0.177777778						
2X	1000	500	4	t7	0.044444444						
2X	1000	500	4	t75	0.333333333						
2X	1000	500	5	ori	0.044444444						
2X	1000	500	5	t0	0.044444444						
2X	1000	500	5	t10	0.022222222						
2X	1000	500	5	t20	0.133333333						
2X	1000	500	5	t3	0.066666667						
2X	1000	500	5	t33	0.155555556						
2X	1000	500	5	t5	0.022222222						
2X	1000	500	5	t50	0.133333333						
2X	1000	500	5	t7	0.044444444						
2X	1000	500	5	t75	0.266666667						
2X	1000	500	6	ori	0.066666667						
2X	1000	500	6	t0	0.066666667						
2X	1000	500	6	t10	0.066666667						
2X	1000	500	6	t20	0.066666667						
2X	1000	500	6	t3	0.066666667						
2X	1000	500	6	t33	0.088888889						
2X	1000	500	6	t5	0.066666667						
2X	1000	500	6	t50	0.088888889						
2X	1000	500	6	t7	0.066666667						
2X	1000	500	6	t75	0.288888889						
2X	1000	500	7	ori	0.044444444						
2X	1000	500	7	t0	0.044444444						
2X	1000	500	7	t10	0.111111111						
2X	1000	500	7	t20	0.111111111						
2X	1000	500	7	t3	0.022222222						
2X	1000	500	7	t33	0.111111111						
2X	1000	500	7	t5	0.044444444						
2X	1000	500	7	t50	0.222222222						
2X	1000	500	7	t7	0.044444444						
2X	1000	500	7	t75	0.311111111						
2X	1000	500	8	ori	0.044444444						
2X	1000	500	8	t0	0.022222222						
2X	1000	500	8	t10	0.044444444						
2X	1000	500	8	t20	0.044444444						
2X	1000	500	8	t3	0.022222222						
2X	1000	500	8	t33	0.111111111						
2X	1000	500	8	t5	0.022222222						
2X	1000	500	8	t50	0.2						
2X	1000	500	8	t7	0.044444444						
2X	1000	500	8	t75	0.266666667						
2X	1000	500	9	ori	0.044444444						
2X	1000	500	9	t0	0.066666667						
2X	1000	500	9	t10	0.044444444						
2X	1000	500	9	t20	0.066666667						
2X	1000	500	9	t3	0.044444444						
2X	1000	500	9	t33	0.088888889						
2X	1000	500	9	t5	0.022222222						
2X	1000	500	9	t50	0.133333333						
2X	1000	500	9	t7	0.044444444						
2X	1000	500	9	t75	0.244444444						
